timestamp,activity
2025-12-30 16:30:05,Public user accessed dashboard
2025-12-30 16:30:56,Public user accessed dashboard
2025-12-30 16:30:59,Public user submitted community report
2025-12-30 16:31:24,Public user accessed dashboard
2025-12-30 16:31:47,Public user accessed dashboard
2025-12-30 16:32:02,Public user accessed dashboard
2025-12-30 16:32:11,Public user accessed dashboard
2025-12-30 16:36:23,Public user accessed dashboard,LOCALHOST
2025-12-30 16:36:23,Public user submitted community report,LOCALHOST
2025-12-30 16:36:48,Public user accessed dashboard,LOCALHOST
2025-12-30 16:36:48,Public user submitted community report,LOCALHOST
2025-12-30 16:36:50,Public user submitted community report,LOCALHOST
2025-12-30 16:45:23,Public user accessed dashboard,LOCALHOST
2025-12-30 16:45:23,Public user submitted community report,LOCALHOST
2025-12-30 16:46:07,Public user accessed dashboard,LOCALHOST
2025-12-30 16:46:07,Public user submitted community report,LOCALHOST
2025-12-30 16:46:48,Public user accessed dashboard,LOCALHOST
2025-12-30 16:46:48,Public user submitted community report,LOCALHOST
2025-12-30 16:47:30,Public user accessed dashboard,LOCALHOST
2025-12-30 16:47:30,Public user submitted community report,LOCALHOST
2025-12-30 16:48:10,Public user accessed dashboard,LOCALHOST
2025-12-30 16:48:10,Public user submitted community report,LOCALHOST
2025-12-30 16:48:29,Public user accessed dashboard,LOCALHOST
2025-12-30 16:48:29,Public user submitted community report,LOCALHOST
